,Unnamed: 0.1,Unnamed: 0,Earliest Release Date,Running Time,Genres,Title_x,Domestic Distributor,Domestic Opening,MPAA,IMDB_ID,ID,Budget,Genre ID,Genre Name,IMDB ID,Production Company ID,Production Company Name,Release Date,Revenue_y,Runtime,Title_y,movie_id,cast_ids,order,director_ids,domestic_revenue,international_revenue,worldwide_revenue
0,0,0,"September 22, 2022 (APAC, EMEA)",1 hr 38 min,Horror Thriller,Raven's Hollow (2022),,,,tt15245390,996581,0,"[9648, 53, 27]","['Mystery', 'Thriller', 'Horror']",tt15245390,"[178344, 84180, 31787, 178345]","['828 Media Capital', 'Cinevilla Studio', 'Creativity Capital', ""Raven's Hollow""]",9/22/22,0,98,Raven's Hollow,996581,"[1312450, 5528, 71083, 54014, 1745556, 1817757, 2441538, 1473137, 40716, 1283511, 3666036, 2189220]","[0, 1, 2, 3, 4, 5, 6, 7, 8, 9, 10, 11]",[1001976],187222.0,187222.0,
1,1,1,"February 3, 2022 (11 markets)",2 hr 10 min,Action Adventure Sci-Fi,Moonfall (2022),Lions Gate Films,9868997.0,PG-13,tt5834426,406759,146000000,"[878, 12, 28]","['Science Fiction', 'Adventure', 'Action']",tt5834426,"[347, 114885, 1632, 110799, 89488, 204641]","['Centropolis Entertainment', 'Street Entertainment', 'Lionsgate', 'AGC Studios', 'Huayi Tencent Entertainment Company', 'Huayi Brothers International']",2/3/22,67295363,131,Moonfall,406759,"[4587, 17178, 1010135, 1440574, 2225985, 454, 1447280, 3209967, 3209971, 3412752, 2069639, 2027576, 92748, 32031, 29880, 2092551, 58170, 55636, 135993, 224144, 1519259, 2718351, 1810156, 1384357, 1451899, 131335, 181247, 2701488, 4175795, 1260716, 102852, 1548736, 1778417, 4175796, 4175797, 3903821, 4175798, 61947, 2081560, 2431913, 1842614, 3322527, 1903305, 3209968, 198662, 1848595, 217560, 2325281, 2719571, 4175799, 1840852, 2617884, 1569228, 2069637, 207881, 2573249, 2547056, 1756358, 4175800, 2081529, 1796425, 724359, 1756362, 3921083, 2603206, 1646452, 2646039, 3783558, 1183805, 2069637, 2092553, 1209245, 2115110]","[0, 1, 2, 3, 4, 5, 6, 7, 8, 9, 10, 11, 12, 13, 14, 15, 16, 17, 18, 19, 20, 21, 22, 23, 24, 25, 26, 27, 28, 29, 30, 31, 32, 33, 34, 35, 36, 37, 38, 39, 40, 41, 42, 43, 44, 45, 46, 47, 48, 49, 50, 51, 52, 53, 54, 55, 56, 57, 58, 59, 60, 61, 62, 63, 64, 65, 66, 67, 68, 69, 70, 71, 72]",[6046],19060660.0,48234703.0,67295363.0
2,2,2,,9 min,Horror Short,Good Boy (2023),,,,tt29297987,1029352,0,[27],['Horror'],tt29297987,[],[],7/27/22,0,9,Good Boy,1029352,[2223754],[0],[3718479],,,
3,3,3,,1 hr 30 min,Adventure Crime Mystery,Miss Willoughby and the Haunted Bookshop (2021),,,PG,tt12825632,734442,0,"[9648, 80]","['Mystery', 'Crime']",tt12825632,"[138759, 102290, 3604, 1632, 141919]","['Highfield Grange Studios', 'Goldfinch Studios', 'Grindstone Entertainment Group', 'Lionsgate', 'MSR Media']",3/6/22,0,95,Miss Willoughby and the Haunted Bookshop,734442,"[17337, 7090, 96698, 80371, 47615, 2392724, 1336359, 26121, 1396198, 1227672, 3347696, 3347694, 3474466, 3474467, 2710280, 1932438, 3474470]","[0, 1, 2, 3, 4, 5, 6, 7, 8, 9, 10, 11, 12, 13, 14, 15, 16]",[255350],,,
4,4,4,,1 hr 41 min,Animation Crime Drama Fantasy,Blaze (2022),,,,tt11018264,767254,0,"[18, 14, 80]","['Drama', 'Fantasy', 'Crime']",tt11018264,"[7584, 10951, 162558, 14604, 32301, 139867]","['Screen Australia', 'Screen NSW', 'Fin Design & Effects', 'Spectrum Films', 'Causeway Films', 'WeirAnderson.com']",8/25/22,0,101,Blaze,767254,"[1966493, 1284159, 1028560, 189230, 1347947, 1068123, 61350, 144080, 1176943, 2865120, 2620565, 1231105, 3263623, 3263622, 77722, 1505321, 3263624, 3263625, 3263626, 3263627, 3076440, 3263628, 3263629]","[0, 1, 2, 3, 4, 5, 6, 7, 8, 9, 10, 11, 12, 13, 14, 15, 16, 17, 18, 19, 20, 21, 22]",[1571618],56928.0,56928.0,
5,5,5,,1 hr 16 min,Documentary,Put It in the Pocket: DC's Go-Go Music (2022),,,,tt27773842,1127726,0,[99],['Documentary'],tt27773842,[200244],['Fedora Visual Arts'],1/1/22,0,76,Put It in the Pocket: DC’s Go-Go Music,1127726,[],[],[4065574],,,
6,6,6,,,Short,Domino: A Short Indie Film (2009),,,,tt3249322,1029436,0,[27],['Horror'],tt3249322,[182919],['Bir Zamanlar Kinoteatrda'],4/19/22,0,2,Thinking Kills.,1029436,[],[],[],,,
7,7,7,,1 hr 23 min,Adventure Drama Family,The Curious Case of Dolphin Bay (2022),,,,tt16420002,963930,0,"[10751, 12, 18]","['Family', 'Adventure', 'Drama']",tt16420002,[199833],['Jaggi Entertainment'],9/22/22,0,83,The Curious Case of Dolphin Bay,963930,"[2560614, 2635018, 3511000, 3511001, 1231111, 1228912, 3511007, 1230312, 1861492, 2725237, 2630479]","[0, 1, 2, 3, 4, 5, 6, 7, 8, 9, 10]",[2994239],,,
8,8,8,,2 hr 1 min,Comedy Drama,Ah Girls Go Army (2022),,,,tt16756942,931176,1428000,"[35, 18]","['Comedy', 'Drama']",tt16756942,"[18443, 55802]","['J Team Productions', 'MM2 Entertainment']",2/1/22,1785000,121,Ah Girls Go Army,931176,"[1916751, 1776779, 3672728, 1150002, 3672720, 3672729, 3672724, 3672721, 3673527, 2151489, 3672722, 3672726, 3672723, 3672725, 1553923, 3672727, 3672730, 3672731, 3672732, 3672733, 3672734]","[0, 1, 2, 3, 4, 5, 6, 7, 8, 9, 10, 11, 12, 13, 14, 15, 16, 17, 18, 19, 20]",[225055],,,
9,9,9,"May 20, 2022 (Domestic)",1 hr 33 min,Comedy,Good Mourning (2022),Briarcliff Entertainment,16010.0,R,tt15331186,865686,0,[35],['Comedy'],tt15331186,"[159722, 145546, 10427]","['Cedar Park Studios', 'Raven Capital Management', 'Open Road Films']",5/20/22,21348,93,Good Mourning,865686,"[1276759, 2805883, 1529446, 1098962, 1427948, 66555, 19537, 2495673, 1482206, 59176, 1034599, 52866, 21397, 74036, 11160, 19767, 2604482, 1733897, 1133737, 1736803, 2072805, 3815922, 2465757, 3068588, 3815932, 1282495, 3487699, 2613646, 155293, 3144159, 1214432, 1708461, 1450782, 2935480, 3815996, 3815997, 3118524, 3816772, 1053290, 3530948, 3816861, 2397543, 3216298, 2510619, 2639191, 2071583]","[0, 1, 2, 3, 4, 5, 6, 7, 8, 9, 10, 11, 12, 13, 14, 15, 16, 17, 18, 19, 20, 21, 22, 23, 24, 25, 26, 27, 28, 29, 30, 31, 32, 33, 34, 35, 36, 37, 38, 39, 40, 41, 42, 43, 44, 45]","[1276759, 2805883]",21348.0,21348.0,
10,10,10,,1 hr 27 min,Horror,Terror Trips (2021),,,,tt10384456,931237,149000,"[27, 53]","['Horror', 'Thriller']",tt10384456,[156344],"['LRB Productions, LLC']",6/14/22,0,87,Terror Trips,931237,"[111692, 1280334, 2354012, 1140572, 2207132, 3135565, 2810954, 2586288, 3135563]","[0, 1, 2, 3, 4, 5, 6, 7, 8]",[1986715],,,
11,11,11,,1 hr 30 min,Documentary,Four Winters: A Story of Jewish Partisan Resistance and Bravery in WW2 (2022),,,,tt1787125,1029540,900000,[99],['Documentary'],tt1787125,[200312],['New Moon Films'],9/16/22,0,90,Four Winters: A Story of Jewish Partisan Resistance and Bravery in WWII,1029540,"[4077220, 4077221, 4077222, 4077224, 4077225, 4077226, 4077227, 4077228, 4077229, 4077230]","[0, 1, 2, 3, 4, 5, 6, 7, 8, 9]",[1044617],,,
12,12,12,"July 7, 2022 (Croatia)",1 hr 40 min,Comedy Sport,1UP (2022),,,R,tt13487922,767401,0,[35],['Comedy'],tt13487922,"[125401, 1632, 139492]","['BuzzFeed Studios', 'Lionsgate', 'CR8IV DNA']",7/15/22,0,100,1UP,767401,"[1512122, 1246972, 2648891, 1611609, 1494865, 64304, 2575782, 2969790, 1773484, 2373667, 1816892, 2664890, 2969793, 59843, 3877752, 2360766, 4226012, 4003892, 5620, 65758, 1630362, 2431619, 2354122, 2704242, 3754078, 74623, 2533430]","[0, 1, 2, 3, 4, 5, 6, 7, 8, 9, 10, 11, 12, 13, 14, 15, 16, 17, 18, 19, 20, 21, 22, 23, 24, 25, 26]",[74623],2379.0,2379.0,
13,13,13,,10 min,Comedy Short,Kill Me Daddy (2021),,,,tt21034278,1029558,0,[35],['Comedy'],tt21034278,[],[],9/27/22,0,10,Kill Me Daddy,1029558,"[3719262, 2997583, 3719263, 2864609]","[0, 1, 2, 3]",[2713512],,,
14,14,14,,5 min,Animation Short,Speak KDSK (2022),,,,tt21986300,1062335,0,[16],['Animation'],tt21986300,[],[],1/20/22,0,5,Speak KDSK,1062335,[],[],[3834139],,,
15,15,15,,1 hr 25 min,Comedy Romance,"Write Place, Write Time (2023)",,,,tt22054672,1029571,0,"[10770, 35, 18, 10749]","['TV Movie', 'Comedy', 'Drama', 'Romance']",tt22054672,"[161040, 140422]","['CME Winter Productions', 'Champlain Media']",6/10/22,0,90,"Write Place, Write Time",1029571,"[563643, 1510492, 3608206, 1363728, 43263, 2229319, 1565707, 3270205, 1225940, 4286646]","[0, 1, 2, 3, 4, 5, 6, 7, 8, 9]",[175916],,,
16,16,16,"January 20, 2022 (Russia/CIS)",1 hr 17 min,Horror,Know Fear (2021),,,,tt9191700,800198,0,[27],['Horror'],tt9191700,"[163458, 156179]","['Film Valor', 'Halcyon Valor Productions']",1/20/22,0,77,Know Fear,800198,"[81321, 59690, 1969994, 1790597, 2376900, 2816193, 1981811, 1397406, 1941246]","[0, 1, 2, 3, 4, 5, 6, 7, 8]",[2274912],15067.0,15067.0,
17,17,17,,1 hr 23 min,Horror Mystery Thriller,The Latent Image (2022),,,,tt15682790,931295,0,[53],['Thriller'],tt15682790,[],[],11/11/22,0,83,The Latent Image,931295,"[2438139, 2526014, 3399471, 2133944, 2499178, 1897560, 3764747]","[0, 1, 2, 3, 4, 5, 6]",[2444988],,,
18,18,18,,5 min,Animation Short,Reunion Party (2022),,,,tt24022446,1062374,0,"[14, 16]","['Fantasy', 'Animation']",tt24022446,[],[],12/5/22,0,5,Reunion Party,1062374,[],[],[3819437],,,
19,19,19,,1 hr 20 min,Biography Documentary,Los Zuluagas (2021),,,,tt17501074,898538,0,[99],['Documentary'],tt17501074,"[143854, 113821]","['Inercia Películas', 'FilmAffair']",3/17/22,0,80,Los Zuluagas,898538,[3463324],[0],[3310309],,,
20,20,20,,,Horror Short,Hairsucker (2022),,,,tt21194248,1029657,0,[27],['Horror'],tt21194248,[88010],['Blazing Arrow Media'],7/23/22,0,4,Hairsucker,1029657,[4247542],[0],"[1574286, 1780040]",,,
21,21,21,,1 hr 41 min,Drama Sci-Fi,Karmalink (2021),,,,tt10396450,833057,0,"[878, 12, 18]","['Science Fiction', 'Adventure', 'Drama']",tt10396450,"[12142, 170222, 170223, 49937]","['XYZ Films', 'LevelK', '802 Films', 'Good Deed Entertainment']",7/15/22,0,101,Karmalink,833057,"[3102129, 3102132, 521673, 3231328, 1678180, 1732840]","[0, 1, 2, 3, 4, 5]",[3102138],,,
22,22,22,,2 hr 16 min,Comedy Music,The Gondoliers (2022),,,,tt21477982,964137,0,[],[],tt21477982,[136880],['Scottish Opera'],4/17/22,0,137,The Gondoliers,964137,"[3511528, 2705827, 3511530, 3511532, 1114623, 1683584, 3365145, 3511538, 3511540, 3511556]","[0, 1, 2, 3, 4, 5, 6, 7, 8, 9]",[1390013],,,
23,23,23,,1 hr 36 min,Drama,Ariel: Back to Buenos Aires (2022),,,,tt11790268,1128001,0,[],[],tt11790268,[],[],10/20/23,0,96,Ariel,1128001,"[1272480, 229558, 1028517, 1956225]","[0, 1, 2, 3]",[53583],,,
24,24,24,,1 hr 22 min,,The Cry of Granuaile (2022),,,,tt16642572,964222,0,[],[],tt16642572,"[11457, 190]","['Zanzibar Films', 'Alice Productions']",3/3/22,0,82,The Cry of Granuaile,964222,"[46814, 2064777, 1168929, 3511872, 1865701, 3139328]","[0, 1, 2, 3, 4, 5]",[1300893],,,
25,25,25,,1 hr 27 min,Comedy Fantasy Horror,Bae Wolf (2022),,,,tt14715444,931510,37000,[14],['Fantasy'],tt14715444,"[169943, 194271]","['DRAX Films', 'Defiant Droductions']",1/20/22,0,87,Bae Wolf,931510,"[2810947, 3198238, 2969416, 3198239, 2381298, 1503921, 3126908, 2648077, 3483234, 2810951]","[0, 1, 2, 3, 4, 5, 6, 7, 8, 9]",[1964445],,,
26,26,26,,1 hr 30 min,Comedy Romance,A Wall Away (2024),,,,tt12432558,997060,0,"[35, 10749]","['Comedy', 'Romance']",tt12432558,"[64610, 178562]","['WonderPhil Entertainment', 'Silicon Prairie Center Studios']",1/31/22,0,0,MyCorona,997060,"[2892294, 3615254, 3615255, 3615256, 3615257, 3615259, 1873651]","[0, 1, 2, 3, 4, 5, 6]",[1317090],,,
27,27,27,,1 hr 42 min,Biography Drama Family,Pardoned by Grace (2022),,,,tt10751150,669392,0,"[18, 10751]","['Drama', 'Family']",tt10751150,[],[],10/4/22,0,90,Pardoned by Grace,669392,"[2594876, 1198644, 4179521, 4179523, 4179524, 4179526, 3968434, 2526737, 4179528, 4179529, 4179530, 4179531, 2808999, 2311692, 4179532, 4179533, 4179536, 1851674, 4179539, 2497525, 3995346, 2132561, 1497688, 4179544, 4179545, 1840452, 2723423, 1958884, 51750, 4179548, 4179549, 4179552, 135728, 99253, 4179554, 154774, 4179557, 4179558, 2513870, 4179559, 4179561, 4179567]","[0, 1, 2, 3, 4, 5, 6, 7, 8, 9, 10, 11, 12, 13, 14, 15, 16, 17, 18, 19, 20, 21, 22, 23, 24, 25, 26, 27, 28, 29, 30, 31, 32, 33, 34, 35, 36, 37, 38, 39, 40, 41]",[939496],,,
28,28,28,,1 hr 16 min,Action Adventure Comedy Horror Thriller,The Wraith Within (2023),,,,tt6913472,898770,0,[27],['Horror'],tt6913472,"[164569, 164570, 164571]","['Looknow Productions', 'Teamwork Pictures', 'Titus Kane Productions']",10/31/22,0,90,The Wraith Within,898770,"[147, 154778, 1570986, 3197131, 1494393, 1094233, 1819720, 3311059, 3311060, 3311062, 3311064, 3311065, 3311067, 3311068, 2129645, 3311071, 3311072, 3311073, 3311075, 3311076, 3311077, 3311078]","[0, 1, 2, 3, 4, 5, 6, 7, 8, 9, 10, 11, 12, 13, 14, 15, 16, 17, 18, 19, 20, 21]",[3311055],,,
29,29,29,"February 18, 2022 (United Kingdom)",1 hr 23 min,Drama Mystery Thriller,Here Before (2021),,,R,tt8649190,669400,0,"[18, 9648, 53]","['Drama', 'Mystery', 'Thriller']",tt8649190,"[288, 34456, 1898, 76992]","['BBC Film', 'Rooks Nest Entertainment', 'Fís Éireann/Screen Ireland', 'Saban Films']",2/11/22,0,83,Here Before,669400,"[127558, 76104, 215460, 1504465, 2528431, 3371061, 3065081, 3805990, 557128, 3805992, 3713719, 1914193, 2097988, 3806006]","[0, 1, 2, 3, 4, 5, 6, 7, 8, 9, 10, 11, 12, 13]",[3015760],20793.0,20793.0,
30,30,30,,1 hr 34 min,Thriller,8000 Ft Up (2022),,,,tt15421782,1128170,0,[53],['Thriller'],tt15421782,[113923],['Ava Media'],6/30/22,0,0,8000 Ft Up,1128170,"[4069123, 2765173, 1786095, 4069124, 4069125, 4072346]","[0, 1, 2, 3, 4, 5]",[4069127],,,
31,31,31,,,Sci-Fi Short,Dragon Fruit (2023),,,,tt14623962,931562,23682,"[18, 878]","['Drama', 'Science Fiction']",tt14623962,[168759],['Rattlesnake Films'],11/15/22,0,27,Dragon Fruit,931562,"[2547056, 1112033, 2225815, 53119, 1251584, 1432721]","[0, 1, 2, 3, 4, 5]",[2427022],,,
32,32,32,,41 min,Documentary Short,Anything Can Happen (2022),,,,tt27053938,1128175,10000,[99],['Documentary'],tt27053938,[200300],['Bare Hand Films'],7/22/22,0,42,Anything Can Happen,1128175,[4066986],[0],[4066988],,,
33,33,33,,40 min,Crime Short,Henko (2022),,,,tt27789228,1128190,0,"[18, 80]","['Drama', 'Crime']",tt27789228,[200303],['Millennium Cinematografica'],1/1/22,0,40,Henko,1128190,"[3889473, 4067029, 4067030, 3057991]","[0, 1, 2, 3]",[4067031],,,
34,34,34,"February 17, 2022 (United Arab Emirates)",1 hr 29 min,Crime Drama Thriller,Kimi (2022),,,R,tt14128670,800510,3500000,"[80, 53]","['Crime', 'Thriller']",tt14128670,"[12, 158691]","['New Line Cinema', 'HBO Max']",2/10/22,0,89,Kimi,800510,"[37153, 1687573, 545087, 21711, 2141051, 59153, 134424, 11516, 16429, 12931, 53364, 2972458, 3420607, 3420610, 2735278, 3420612, 3420615, 12831, 3420616, 1836986, 1709422, 54044, 2433254, 3149100, 1288787, 22214, 95875, 1903660, 2564027, 3245176, 156511, 1463282, 1523924, 1891990, 3420618, 3420620, 3420621, 3420622, 3420623, 1177995, 3420624]","[0, 1, 2, 3, 4, 5, 6, 7, 8, 9, 10, 11, 12, 13, 14, 15, 16, 17, 18, 19, 20, 21, 22, 23, 24, 25, 26, 27, 28, 29, 30, 31, 32, 33, 34, 35, 36, 37, 38, 39, 40]",[1884],63155.0,63155.0,
35,35,35,"January 16, 2020 (Netherlands)",29 min,Animation Comedy Drama Short,Mind My Mind (2019),,,,tt9445988,636688,0,"[16, 18, 35]","['Animation', 'Drama', 'Comedy']",tt9445988,[],[],1/13/22,0,28,Mind My Mind,636688,"[2431045, 2431047, 2431048, 2431049, 2431050, 2431051]","[0, 1, 2, 3, 4, 5]",[2424980],34429.0,34429.0,
36,36,36,"November 4, 2022 (Iceland)",2 hr 41 min,Action Adventure Drama Sci-Fi,Black Panther: Wakanda Forever (2022),Walt Disney Studios Motion Pictures,181339761.0,PG-13,tt9114286,505642,250000000,"[28, 12, 878]","['Action', 'Adventure', 'Science Fiction']",tt9114286,[420],['Marvel Studios'],11/9/22,859102154,162,Black Panther: Wakanda Forever,505642,"[1083010, 1267329, 82104, 1447932, 2133996, 87265, 9780, 139900, 1368012, 2213811, 25703, 992386, 31512, 165424, 4812, 1181397, 7060, 15886, 31028, 135651, 1979169, 1187540, 1431508, 131133, 81097, 1979176, 1580160, 3783370, 1979170, 2639668, 3271487, 2721476, 1200635, 3783366, 3783367, 3009829, 3783374, 167197, 3783383, 1554064, 3272149, 1936486, 2145383, 1217309, 3783392, 1655358, 1367313, 1718655, 1934535, 3783396, 3783398, 121204, 3063865, 3783401, 3783403, 3783404, 3783405, 3783406, 3783407, 3783408, 1460794, 1460792, 3577420, 8666, 2113850, 3720013, 3320451, 168147, 2557488, 2700648, 3783409, 1510786, 1496728, 2303244, 3783410, 3783411, 3783412, 3783413, 172069]","[0, 1, 2, 3, 4, 5, 6, 7, 8, 9, 10, 11, 12, 13, 14, 15, 16, 17, 18, 19, 20, 21, 22, 23, 24, 25, 26, 27, 28, 29, 30, 31, 32, 33, 34, 35, 36, 37, 38, 39, 40, 41, 42, 43, 44, 45, 46, 47, 48, 49, 50, 51, 52, 53, 54, 55, 56, 57, 58, 59, 60, 61, 62, 63, 64, 65, 66, 67, 68, 69, 70, 71, 72, 73, 74, 75, 76, 77, 78]",[1056121],453829060.0,405379776.0,859208836.0
37,37,37,,1 hr 34 min,Documentary,Never Forget Tibet (2022),,,,tt8459190,931639,0,[99],['Documentary'],tt8459190,"[15746, 14262]","['Red Rock Entertainment', 'Templeheart Films']",3/31/22,0,94,Never Forget Tibet,931639,[67315],[0],[2254500],,,
38,38,38,,1 hr 24 min,Documentary History Reality-TV,Ghost Adventures: Devil's Den (2022),,,,tt22397628,1128258,0,"[99, 10770]","['Documentary', 'TV Movie']",tt22397628,[],[],9/29/22,0,0,Ghost Adventures: Devil's Den,1128258,"[104776, 104778, 1930107, 1468964]","[0, 1, 2, 3]",[],,,
39,39,39,,1 hr 44 min,Comedy Romance Sci-Fi,Moonshot (2022),,,PG-13,tt12585076,767825,0,"[35, 10749, 878]","['Comedy', 'Romance', 'Science Fiction']",tt12585076,"[78984, 27711, 12]","['Entertainment 360', 'Berlanti Productions', 'New Line Cinema']",5/5/22,0,104,Moonshot,767825,"[56730, 1452046, 2174509, 1568101, 87194, 1475128, 5367, 1492327, 3169511, 1198725, 1371509, 20817, 3487921, 3418880, 1466540, 2239477, 2720295, 3487930, 2806735, 2801423, 117311, 3487938, 963939, 3704160]","[0, 1, 2, 3, 4, 5, 6, 7, 8, 9, 10, 11, 12, 13, 14, 15, 16, 17, 18, 19, 20, 21, 22, 23]",[1780451],,,
40,40,40,,54 min,Documentary,When Pigs Escape (2022),,,,tt23666142,1095505,4000,[],[],tt23666142,[],[],11/19/22,0,54,When Pigs Escape,1095505,[],[],[],,,
41,41,41,,1 hr 31 min,Documentary,Soothe Your Senses (2022),,,,tt27791389,1128335,0,[99],['Documentary'],tt27791389,[200326],['The Love Destination'],1/1/22,0,91,Soothe Your Senses,1128335,[4067668],[0],[4067668],,,
42,42,42,,13 min,Adventure Short,The Adventures of Brooklyn Barnes (2022),,,,tt22881860,1030038,0,"[12, 35, 28]","['Adventure', 'Comedy', 'Action']",tt22881860,[],[],4/30/22,0,13,The Adventures of Brooklyn Barnes,1030038,"[3512827, 3721157, 3721158]","[0, 1, 2]",[3721159],,,
43,43,43,"March 3, 2022 (New Zealand)",1 hr 29 min,Documentary,Carbon - The Unauthorised Biography (2022),,,,tt17939566,931766,1400000,[99],['Documentary'],tt17939566,"[59652, 114069, 12113]","['Genepool Productions', 'Handful of Films', 'CBC']",3/31/22,0,86,Carbon: The Unauthorised Biography,931766,"[235416, 550307, 1992871, 1089651]","[0, 1, 2, 3]","[1242784, 2021689]",10368.0,10368.0,
44,44,44,,12 min,Comedy Short,Enloquecer (2022),,,,tt20770946,1030090,0,[],[],tt20770946,[],[],3/2/22,0,12,Enloquecer,1030090,"[1721773, 1799456, 3721398, 3413427, 3595699]","[0, 1, 2, 3, 4]",[3329181],,,
45,45,45,"May 13, 2022 (Domestic)",1 hr 52 min,Action Crime Thriller Western,The Last Victim (2021),Decal Releasing,,,tt11242718,866254,0,"[80, 53, 37, 9648, 28]","['Crime', 'Thriller', 'Western', 'Mystery', 'Action']",tt11242718,[156903],['Decal'],5/13/22,0,103,The Last Victim,866254,"[17303, 2372, 202032, 77223, 232, 1002369, 558343, 1475834, 1683952, 136224, 2814731, 1396845]","[0, 1, 2, 3, 4, 5, 6, 7, 8, 9, 10, 11]",[969145],2428.0,2428.0,
46,46,46,,1 hr 33 min,Crime Drama Mystery Romance,The Hanging Sun (2022),,,,tt6986990,866267,0,"[80, 18, 53, 9648]","['Crime', 'Drama', 'Thriller', 'Mystery']",tt6986990,"[86177, 10102, 115535, 21649]","['Groenlandia', 'Cattleya', 'Vision Distribution', 'Sky Cinema']",9/12/22,0,93,The Hanging Sun,866267,"[1395660, 567269, 55585, 1312122, 3566973, 4391, 3064, 1580675, 208460, 4054897, 2682027, 4054901, 1337448]","[0, 1, 2, 3, 4, 5, 6, 7, 8, 9, 10, 11, 12]",[1617013],,,
47,47,47,,29 min,Documentary Short,We Love Life (2022),,,,tt19401044,964573,0,[99],['Documentary'],tt19401044,[],[],4/25/22,0,29,We Love Life,964573,[],[],[3513445],,,
48,48,48,"November 30, 2022 (APAC, EMEA)",1 hr 52 min,Action Comedy Thriller,Violent Night (2022),Universal Pictures,13450240.0,R,tt12003946,899112,20000000,"[28, 35, 80, 53]","['Action', 'Comedy', 'Crime', 'Thriller']",tt12003946,"[121470, 33]","['87North Productions', 'Universal Pictures']",11/30/22,75734910,112,Violent Night,899112,"[35029, 5723, 821, 178634, 2273501, 205213, 55086, 3607144, 1150197, 32205, 64674, 2852725, 2284578, 1711895, 1634845, 3814629, 3857752, 2154533, 1634862, 61160, 33051, 1758796, 75814, 3199125, 1303813, 1148697, 2487559, 1860399, 1731643, 1860398, 3244148, 3857760, 2565695, 1292553, 1940037, 1356248, 1849155, 2045140, 2090233, 1126913, 1896599, 2473588, 1131844, 1940064, 1503899, 3814628, 3789812]","[0, 1, 2, 3, 4, 5, 6, 7, 8, 9, 10, 11, 12, 13, 14, 15, 16, 17, 18, 19, 20, 21, 22, 23, 24, 25, 26, 27, 28, 29, 30, 31, 32, 33, 34, 35, 36, 37, 38, 39, 40, 41, 42, 43, 44, 45, 46]",[76927],50057405.0,25947000.0,76004405.0
49,49,49,,2 hr 8 min,Crime Horror Mystery Thriller,The Pale Blue Eye (2022),,,R,tt14138650,800815,72000000,"[53, 9648, 27, 80]","['Thriller', 'Mystery', 'Horror', 'Crime']",tt14138650,"[10246, 47169]","['Cross Creek Pictures', 'Le Grisbi Productions']",12/22/22,0,130,The Pale Blue Eye,800815,"[3894, 10982, 86232, 13014, 16358, 9191, 3087, 2399836, 12214, 4273, 2311924, 2099497, 1651962, 2236058, 1590221, 1232484, 8549, 130228, 2403026, 2684944, 3861819, 49918, 1779454, 1297771, 3861820, 3766614]","[0, 1, 2, 3, 4, 5, 6, 7, 8, 9, 10, 11, 12, 13, 14, 15, 16, 17, 18, 19, 20, 21, 22, 23, 24, 25]",[65167],,,
50,50,50,,1 hr 47 min,Fantasy,Violet's Prey and the Vampire Slayer (2022),,,,tt27796157,1128569,0,[14],['Fantasy'],tt27796157,[200379],['KP Ghost Productions'],1/1/22,0,107,Violet's Prey And The Vampire Slayer,1128569,"[4068737, 1498276]","[0, 1]",[1807181],,,
51,51,51,,45 min,Animation,Grievance Gulch (2022),,,,tt27796696,1128598,10000,"[16, 35]","['Animation', 'Comedy']",tt27796696,[200390],['Scene Shop LLC'],1/1/22,0,45,Grievance Gulch,1128598,[4068883],[0],[3729548],,,
52,52,52,"July 7, 2022 (EMEA, APAC)",2 hr 25 min,Drama,Shareek 2 (2022),,,,tt15018474,997526,0,[],[],tt15018474,[],[],7/8/22,0,0,Shareek 2,997526,"[35792, 1602191, 3616591, 140679, 227326]","[0, 1, 2, 3, 4]",[86629],114065.0,114065.0,
53,53,53,"September 8, 2022 (EMEA, LATAM)",1 hr 44 min,Comedy Romance,Ticket to Paradise (2022),Universal Pictures,16509095.0,PG-13,tt14109724,800939,20000000,"[35, 10749]","['Comedy', 'Romance']",tt14109724,"[10163, 1782, 2455, 162558]","['Working Title Films', 'Smoke House Pictures', 'Red Om Films', 'Fin Design & Effects']",9/8/22,168763270,104,Ticket to Paradise,800939,"[1204, 1461, 481337, 1308133, 1399531, 2417980, 10760, 3753662, 1915145, 1416868, 1852576, 1674796, 3586919, 3754744, 3754749, 3754751, 3754752, 3754753, 3754754, 3754756, 3754757, 3754760, 3511007, 2617384]","[0, 1, 2, 3, 4, 5, 6, 7, 8, 9, 10, 11, 12, 13, 14, 15, 16, 17, 18, 19, 20, 21, 22, 23]",[17510],68275985.0,100491494.0,168767479.0
54,54,54,,,Comedy Family Musical,Bus Om Bebek (2021),,,,tt11754500,899251,0,"[18, 10402]","['Drama', 'Music']",tt11754500,"[100820, 164646]","['PT. SMARADHANA PRO', 'Sanggar Ananda Kawula Muda']",1/6/22,0,90,Bus Om Bebek,899251,"[1592477, 1822125, 2114368, 1520518, 1873241, 1520465, 3227692, 3312905, 3312906, 3312908, 3312909, 3312910, 3312911, 3312912, 2925710, 3312913, 3312914, 3312915, 3312916, 3312917, 1520529, 1690734, 1520467, 3312918, 3312919, 1520528, 3198899]","[0, 1, 2, 3, 4, 5, 6, 7, 8, 9, 10, 11, 12, 13, 14, 15, 16, 17, 18, 19, 20, 21, 22, 23, 24, 25, 26]","[1520473, 3312921]",,,
55,55,55,,2 hr 14 min,Drama Romance,The Other Side (2022),,,,tt18815600,899259,0,"[18, 10749]","['Drama', 'Romance']",tt18815600,[78916],['Lingkar Film'],3/17/22,0,134,The Other Side,899259,"[2431308, 3312945, 1202421, 2453935, 1856433, 1830266, 2275922, 3312946, 3312947, 1352094, 3312948, 1297503, 1355510]","[0, 1, 2, 3, 4, 5, 6, 7, 8, 9, 10, 11, 12]",[2119659],,,
56,56,56,"June 3, 2022 (Domestic)",1 hr 52 min,Thriller,Frank and Penelope (2022),Redbud Studios,,R,tt4459134,899294,0,"[53, 27, 80]","['Thriller', 'Horror', 'Crime']",tt4459134,[],[],6/3/22,0,112,Frank and Penelope,899294,"[3313154, 2442126, 51670, 98400, 1811895, 6863, 72442, 54789, 7401, 78342, 1246891, 155625, 1535487, 3313152, 3313155]","[0, 1, 2, 3, 4, 5, 6, 7, 8, 9, 10, 11, 12, 13, 14]",[54789],,,
57,57,57,,1 hr 26 min,Documentary,Addicted to Life (2022),,,,tt22985706,1030364,0,[99],['Documentary'],tt22985706,"[56959, 56961]","['Associate Directors', 'Canvas']",9/30/22,0,86,Addicted to Life,1030364,"[3114833, 3722521, 3722522]","[0, 1, 2]",[1641027],,,
58,58,58,,,Comedy Short,The Internet Remains Undefeated (2022),,,,tt19863386,1063178,0,[35],['Comedy'],tt19863386,[],[],10/15/22,0,6,The Internet Remains Undefeated,1063178,"[3837098, 3837099, 3837100]","[0, 1, 2]",[2105770],,,
59,59,59,"November 3, 2022 (Italy)",1 hr 36 min,Comedy Drama,My Neighbor Adolf (2022),,,,tt7175968,997669,0,[18],['Drama'],tt7175968,"[35508, 62171]","['2-Team Productions', 'Film Produkcja']",11/3/22,0,96,My Neighbor Adolf,997669,"[54014, 1646, 1266065, 3653896, 3021879, 589347, 3312492, 3960031, 4152614, 3653895, 3452381, 1881626, 3324224]","[0, 1, 2, 3, 4, 5, 6, 7, 8, 9, 10, 11, 12]",[231033],34196.0,34196.0,
60,60,60,"November 4, 2022 (Domestic)",1 hr 46 min,Comedy Mystery Romance Sci-Fi,Next Exit (2022),Magnolia Pictures,3255.0,,tt19595494,964909,0,"[878, 35, 18, 10749]","['Science Fiction', 'Comedy', 'Drama', 'Romance']",tt19595494,"[185675, 185676, 12142]","['Helmstreet Productions', 'No Traffic For Ghosts', 'XYZ Films']",11/4/22,0,103,Next Exit,964909,"[551462, 1416505, 53485, 543261, 105875, 102087]","[0, 1, 2, 3, 4, 5]",[1491437],4742.0,4742.0,
61,61,61,,1 hr 21 min,Drama,Wild Life (2022),,,PG-13,tt18469778,964910,0,[],[],tt18469778,[],[],1/1/22,0,81,Wild Life,964910,"[3514491, 3304735, 3514493, 3514494, 3514500, 3514502, 3514503, 3514505, 3514506, 3514508]","[0, 1, 2, 3, 4, 5, 6, 7, 8, 9]",[3861995],,,
62,62,62,"February 24, 2022 (Russia/CIS)",1 hr 33 min,Horror,The Jack in the Box: Awakening (2022),,,,tt12764628,801071,0,[27],['Horror'],tt12764628,[150062],['Fowler Media'],2/24/22,195189,89,The Jack in the Box: Awakening,801071,"[1733286, 2992685, 2215526, 216988, 1759040, 1662821, 2992691, 1823587, 2992695, 2992696, 2031561]","[0, 1, 2, 3, 4, 5, 6, 7, 8, 9, 10]",[1976339],991471.0,991471.0,
63,63,63,,1 hr 34 min,Comedy Drama Romance,"Sex, Lies, and Sugar (2011)",,,,tt21920786,1161530,0,"[18, 10749]","['Drama', 'Romance']",tt21920786,[72559],['Dikenga Films'],10/22/22,0,94,"Sex, Lies, and Sugar",1161530,"[4158, 1218790, 154013]","[0, 1, 2]",[143011],,,
64,64,64,,,Comedy Short Thriller,Our Language Is Chaos (2022),,,,tt21330274,1161539,0,[35],['Comedy'],tt21330274,[113699],['Ellipsis Entertainment'],9/22/22,0,14,Our Language is Chaos,1161539,"[4057655, 2021143, 1966673, 169257, 31829, 1444650, 2979839, 4202264]","[0, 1, 2, 3, 4, 5, 6, 7]",[4202266],,,
65,65,65,,1 hr 25 min,Drama Romance,Tennessine (2023),,,,tt14438380,1128776,0,[18],['Drama'],tt14438380,[],[],12/20/22,0,85,Tennessine,1128776,"[219992, 2062612, 934253, 2434576, 4069846, 2632556]","[0, 1, 2, 3, 4, 5]",[1406184],,,
66,66,66,,1 hr 25 min,Documentary Horror,Dinner with Leatherface,,,,tt5862740,637312,0,"[99, 27]","['Documentary', 'Horror']",tt5862740,[],[],10/28/22,0,85,Dinner with Leatherface,637312,"[27804, 11357, 97619, 97698, 35579, 62000, 11464, 31621, 124796, 98120, 35463, 106145, 97820]","[0, 1, 2, 3, 4, 5, 6, 7, 8, 9, 10, 11, 12]",[1401248],,,
67,67,67,,1 hr 28 min,Comedy Drama,Allswell in New York (2022),,,,tt12243560,964994,0,[18],['Drama'],tt12243560,"[7499, 14862, 198179, 171046]","['Gigi Films', 'Washington Square Films', 'Filmopoly', 'Monarch Partners']",6/13/22,0,88,Allswell,964994,"[65421, 59693, 9209, 1215617, 3514835, 18313, 1711043, 2443558, 2300445, 21127]","[0, 1, 2, 3, 4, 5, 6, 7, 8, 9]",[1489788],,,
68,68,68,,1 hr 11 min,Drama,In My Head (2022),,,,tt26693465,1096078,10000,"[18, 53]","['Drama', 'Thriller']",tt26693465,[195093],['6neplus Production Studio'],8/25/22,0,71,In My Head,1096078,"[3951551, 3951553, 3951555]","[0, 1, 2]",[3951557],,,
69,69,69,"November 4, 2022 (United Kingdom)",1 hr 30 min,Adventure Mystery Sci-Fi,Deus (2022),,,,tt8980128,604571,0,"[878, 53]","['Science Fiction', 'Thriller']",tt8980128,[],[],11/4/22,0,91,Deus,604571,"[26054, 2482, 26854, 195634, 28950, 1805355, 3697704, 944548, 2476378]","[0, 1, 2, 3, 4, 5, 6, 7, 8]",[2320924],12154.0,12154.0,
70,70,70,,,Thriller,Would You Like to Dine with Me? (2022),,,,tt16604768,1096098,0,[53],['Thriller'],tt16604768,[],[],12/1/22,0,93,Would You Like to Dine with Me?,1096098,"[2735288, 3951616]","[0, 1]",[937464],,,
71,71,71,"April 13, 2023 (Domestic)",1 hr 37 min,Documentary,The Lost Weekend: A Love Story (2022),Iconic Events Releasing,78079.0,,tt19812518,965042,0,[99],['Documentary'],tt19812518,[],[],6/10/22,0,97,The Lost Weekend: A Love Story,965042,"[96086, 10592, 96084, 96082, 7487, 11370, 10215, 10593, 10594, 96083, 1428, 112923, 10565, 27765]","[0, 1, 2, 3, 4, 5, 6, 7, 8, 9, 10, 11, 12, 13]","[1057663, 1098053, 3514928]",102531.0,102531.0,
72,72,72,"August 4, 2022 (Russia/CIS)",1 hr 20 min,Horror Thriller,Motherly (2021),,,,tt11464730,768447,0,"[53, 27]","['Thriller', 'Horror']",tt11464730,"[87595, 136816]","['Federgreen Entertainment', 'Lucky Dime Films']",8/4/22,0,90,Motherly,768447,"[1649898, 2860562, 2531837, 1196611, 1020684, 2869642, 1445600, 2548672]","[0, 1, 2, 3, 4, 5, 6, 7]",[1251913],117226.0,117226.0,
73,73,73,,,Documentary,Fio do Afeto (2022),,,,tt23029168,1030636,0,[99],['Documentary'],tt23029168,[127881],['Giros Filmes'],10/6/22,0,72,Fio do Afeto,1030636,[],[],[1689284],,,
74,74,75,,1 hr 44 min,Adventure Family,Island of Lost Girls (2022),,,,tt21933142,997892,0,"[53, 10751, 28]","['Thriller', 'Family', 'Action']",tt21933142,[116822],['Treehouse Mafia Productions'],7/30/22,0,103,The Island of Lost Girls,997892,"[2510783, 3624988, 3624990]","[0, 1, 2]","[1999402, 2510784]",,,
75,75,76,"June 17, 2022 (United Kingdom)",1 hr 27 min,Documentary Music,Freedom Uncut (2022),,,,tt7155286,965132,0,"[10402, 99]","['Music', 'Documentary']",tt7155286,"[139109, 122578, 5778]","['Trafalgar Releasing', 'Sony Music Entertainment France', 'Channel 4 Television']",6/16/22,707496,118,George Michael Freedom Uncut,965132,"[81487, 56367, 937034, 33665, 33165, 588627, 18746, 11370, 17835, 4613, 77071, 215824, 82990, 84933, 8385, 55466, 138986, 8851, 979952, 46087, 533007, 10215, 4347, 21037, 81488]","[0, 1, 2, 3, 4, 5, 6, 7, 8, 9, 10, 11, 12, 13, 14, 15, 16, 17, 18, 19, 20, 21, 22, 23, 24]","[81487, 3533462]",712917.0,712917.0,
76,76,77,,1 hr 26 min,Comedy Thriller,4 O'Clock (2021),,,,tt16068914,899609,0,"[35, 53]","['Comedy', 'Thriller']",tt16068914,[86879],['Ajax Films'],2/17/22,0,86,4 O'Clock,899609,"[2943780, 3101218, 3314129, 3314131, 3314134, 2943775, 3314138, 3314141, 3314143]","[0, 1, 2, 3, 4, 5, 6, 7, 8]",[2934928],,,
77,77,78,"August 11, 2022 (New Zealand)",1 hr 42 min,Drama,Aftersun (2022),A24,60752.0,R,tt19770238,965150,0,[18],['Drama'],tt19770238,"[103697, 288, 168181, 173869, 110197, 7281, 73204]","['PASTEL', 'BBC Film', 'Tango Entertainment', 'Unified Theory', 'Screen Scotland', 'BFI', 'AZ Celtic Films']",10/21/22,4785157,102,Aftersun,965150,"[2326151, 3515419, 1290029, 1514178, 3635397, 3635398, 3635399, 2304140, 3562265, 3757250, 3757251, 3757252, 3757254, 3757255, 3562263, 3757257, 3757258, 3757261, 3757262, 3757263, 3757264, 4075611]","[0, 1, 2, 3, 4, 5, 6, 7, 8, 9, 10, 11, 12, 13, 14, 15, 16, 17, 18, 19, 20, 21]",[1904110],1658790.0,6686672.0,8345462.0
78,78,79,,1 hr 45 min,Horror,Shriekshow (2022),,,,tt7587206,801320,0,[27],['Horror'],tt7587206,[],[],2/27/22,0,105,Shriekshow,801320,"[74673, 1432244, 536499, 63914, 1685824, 1559116, 2835819, 1262694, 2680806, 98692]","[0, 1, 2, 3, 4, 5, 6, 7, 8, 9]",[1686154],,,
79,79,80,,1 hr 55 min,Documentary,Sonosfera Telectu (2022),,,,tt21111466,1030717,0,[99],['Documentary'],tt21111466,[120866],['OPTEC Filmes'],5/5/22,0,115,Sonosfera Telectu,1030717,[],[],"[2763908, 3723498, 3723499]",,,
80,80,81,,1 hr 9 min,Crime,The Expert (2022),,,,tt27041634,1096285,25000,[80],['Crime'],tt27041634,[195129],['Cagle Vision'],1/1/22,0,69,The Expert,1096285,"[3951968, 3951969, 3951970]","[0, 1, 2]",[3951971],,,
81,81,82,,6 min,Horror Short,Into the Realm of the Night (2022),,,,tt18072698,965216,0,[],[],tt18072698,[],[],3/4/22,0,6,Into the Realm of the Night,965216,[],[],[2037443],,,
82,82,83,,1 hr 43 min,Action Drama,Eyes of a Roman (2022),,,,tt12840630,965224,0,"[28, 18]","['Action', 'Drama']",tt12840630,[173843],['TriGoodwynProductions'],11/5/22,0,103,Eyes of a Roman,965224,"[3515765, 3647698, 3647700, 3238972, 3647725, 3647726, 3281522, 3647728, 2569808, 2429841, 3827072, 3016891]","[0, 1, 2, 3, 4, 5, 6, 7, 8, 9, 10, 11]",[2429841],,,
83,83,84,,1 hr 35 min,,A Story of Bones (2022),,,,tt19796824,965226,0,[99],['Documentary'],tt19796824,"[30601, 186398, 209766]","[""Archer's Mark"", 'Turnover Films', 'PT Film']",10/17/22,0,94,A Story of Bones,965226,"[4151741, 4151742]","[0, 1]","[2622623, 3515688]",,,
84,84,85,"November 18, 2022 (Domestic)",1 hr 33 min,Comedy Romance,There There (2022),Magnolia Pictures,4244.0,,tt19796976,965233,0,"[35, 18, 10749]","['Comedy', 'Drama', 'Romance']",tt19796976,"[13466, 66044, 184482]","['Park Pictures Features', 'Houston King Productions', 'Istic Illic Pictures']",11/18/22,0,94,There There,965233,"[17881, 3127, 1782117, 1120, 1617697, 3515714, 2145734, 1839152]","[0, 1, 2, 3, 4, 5, 6, 7]",[40864],8694.0,8694.0,
85,85,86,,1 hr 31 min,Comedy Family,Merry Christmas Officer Hansel (2022),,,G,tt11125908,1063590,0,[35],['Comedy'],tt11125908,[],[],11/4/22,0,0,Merry Christmas Officer Hansel,1063590,"[935987, 3838742, 3838743, 3838744]","[0, 1, 2, 3]","[935987, 3838743]",,,
86,86,87,,1 hr 17 min,Comedy,The Lonely Spirits Variety Hour (2022),,,,tt20195942,998066,168000,[],[],tt20195942,[],[],8/5/22,0,77,The Lonely Spirits Variety Hour,998066,[],[],[1546037],2104.0,2104.0,
87,87,88,,,Horror Thriller,Harvested 2 (2022),,,,tt17719794,998134,0,"[27, 53]","['Horror', 'Thriller']",tt17719794,"[170231, 170232]","['Culture Forward Media Group', 'Culture Forward TV']",11/24/22,0,40,Harvested 2,998134,"[3763564, 1670277, 3763565, 2034974, 2697376, 3763568]","[0, 1, 2, 3, 4, 5]",[2323106],,,
88,88,89,,43 min,Documentary Short,Train Time (2022),,,,tt14531770,1063703,0,[99],['Documentary'],tt14531770,[190112],['The Stephen Low Company'],9/9/22,0,43,Train Time,1063703,"[3865546, 3865553, 3865555]","[0, 1, 2]",[77867],,,
89,89,90,"December 30, 2022 (Domestic)",1 hr 52 min,Documentary,Turn Every Page: The Adventures of Robert Caro and Robert Gottlieb (2022),Sony Pictures Entertainment (SPE),11681.0,PG,tt14071694,965405,0,[99],['Documentary'],tt14071694,"[99366, 35713, 173872]","['Topic Studios', 'Left/Right', 'YoungLove Productions']",12/30/22,0,112,Turn Every Page - The Adventures of Robert Caro and Robert Gottlieb,965405,"[1613259, 2339004, 569, 81200, 1084973, 116341, 1459010]","[0, 1, 2, 3, 4, 5, 6]",[1110912],335417.0,335417.0,
90,90,91,,,Crime Documentary,Murdaugh Murders: Deadly Dynasty (2022),,,,tt20202860,1096535,0,[99],['Documentary'],tt20202860,[],[],6/19/22,0,126,Murdaugh Murders: Deadly Dynasty,1096535,[],[],[],,,
91,91,92,,1 hr 52 min,Comedy Romance,The Perfect Arrangement (2022),,,,tt20446500,998250,0,"[35, 10749]","['Comedy', 'Romance']",tt20446500,[102730],['InkBlot Productions'],5/13/22,0,112,The Perfect Arrangement,998250,"[3618649, 3618651, 3149958, 3618654, 3618655, 2054693, 3618658, 3618659]","[0, 1, 2, 3, 4, 5, 6, 7]",[1682189],,,
92,92,93,,19 min,Drama Short,Dirty Dishes (2022),,,,tt21160004,998251,10470,[18],['Drama'],tt21160004,[202595],['Connecting Threads Films'],10/28/22,0,19,Dirty Dishes,998251,"[4122310, 4122312, 4122313, 2898551, 4122318]","[0, 1, 2, 3, 4]",[3618653],,,
93,93,94,"October 14, 2022 (United Kingdom)",1 hr 34 min,Documentary,Exhibition on Screen: Hopper - An American Love Story (2022),,,,tt22803450,1031038,0,[99],['Documentary'],tt22803450,[45654],['Seventh Art Productions'],10/11/22,0,94,Hopper: An American Love Story,1031038,[2870439],[0],[106093],128083.0,128083.0,
94,94,95,,42 min,Drama Short,Scars (2022),,,,tt20449526,1096607,2000,[18],['Drama'],tt20449526,[195201],['Firefly Creative Productions'],7/15/22,0,42,Scars,1096607,"[3891311, 3953124, 3953125]","[0, 1, 2]",[2913180],,,
95,95,96,,20 min,Documentary Short,Todd Hickman (2022),,,,tt22021424,1096610,0,[99],['Documentary'],tt22021424,[87518],['Poche Pictures'],7/6/22,0,20,Todd Hickman,1096610,[3953133],[0],[1200107],,,
96,96,97,,1 hr 1 min,Documentary,Stand Up (2022),,,,tt21365902,1096626,0,[99],['Documentary'],tt21365902,"[166994, 183202]","['Vester Media', 'Our World Films']",3/1/22,0,61,Stand Up,1096626,"[3953181, 3953183]","[0, 1]",[3361770],,,
97,97,98,,34 min,Documentary Short,The Heat (2022),,,,tt22021474,1096627,0,[99],['Documentary'],tt22021474,[87518],['Poche Pictures'],7/10/22,0,34,The Heat,1096627,"[3953226, 3953227, 3636751]","[0, 1, 2]",[1200107],,,
98,98,99,,56 min,Documentary,Dogman Tales (2022),,,,tt21254654,1096629,50000,[99],['Documentary'],tt21254654,[136996],['Sky Island Storytelling'],7/20/22,0,48,Dogman Tales,1096629,[3953238],[0],[2554442],,,
99,99,100,,1 hr 19 min,Documentary,Notes from Brussels (2021),,,,tt18953178,965609,0,[99],['Documentary'],tt18953178,[],[],5/9/22,0,79,Notes from Brussels,965609,"[3516698, 3516699, 3516700]","[0, 1, 2]",[],,,
100,100,101,,27 min,Documentary Short,Nobody Told Me (2022),,,,tt27047121,1096708,0,[99],['Documentary'],tt27047121,[194072],"['LOGTV, Ltd.']",1/1/22,0,27,Nobody Told Me,1096708,"[3953360, 3953361, 3953362, 3252490]","[0, 1, 2, 3]",[2501373],,,
101,101,102,,1 hr 3 min,Drama,Samakatuwid (2022),,,,tt27047221,1096722,0,[18],['Drama'],tt27047221,[94208],['Maya Film Production Ltd'],1/1/22,0,63,Therefore,1096722,"[3953401, 3953403, 3953404, 3842664, 3953407, 3953408, 3953410]","[0, 1, 2, 3, 4, 5, 6]",[3953411],,,
102,102,103,,6 min,Documentary Short,The Arts at the University of Mississippi (2022),,,,tt22410346,1031196,1500,[99],['Documentary'],tt22410346,[177571],['DropCup Productions'],9/22/22,0,6,The Arts at the University of Mississippi,1031196,[],[],[3598911],,,
103,103,104,,1 hr 35 min,Documentary,Jonas Deichmann - Das Limit bin nur ich (2022),,,,tt16986722,965664,0,[99],['Documentary'],tt16986722,[],[],5/19/22,0,105,Jonas Deichmann - Breaking the Limit,965664,[3303427],[0],"[2313034, 2583678]",,,
104,104,105,"July 22, 2022 (Iceland)",1 hr 45 min,Action Adventure Animation Comedy Crime Family Fantasy Sci-Fi,DC League of Super-Pets (2022),Warner Bros.,23003441.0,PG,tt8912936,539681,90000000,"[16, 28, 10751, 35, 878]","['Animation', 'Action', 'Family', 'Comedy', 'Science Fiction']",tt8912936,"[25120, 9993, 73669, 8089, 174]","['Warner Bros. Pictures Animation', 'DC Entertainment', 'Seven Bucks Productions', 'Animal Logic', 'Warner Bros. Pictures']",7/27/22,203000000,105,DC League of Super-Pets,539681,"[18918, 55638, 17697, 6384, 1240487, 503103, 10871, 8688, 1624816, 1231717, 1026947, 59315, 55936, 1652371, 1542758, 222121, 111678, 1413361, 111513, 658, 17286, 65827, 60928, 58873, 3640042, 111514, 1458592, 89027, 81095, 3640044, 3640045]","[0, 1, 2, 3, 4, 5, 6, 7, 8, 9, 10, 11, 12, 13, 14, 15, 16, 17, 18, 19, 20, 21, 22, 23, 24, 25, 26, 27, 28, 29, 30]",[89027],93657117.0,113900000.0,207557117.0
105,105,106,,1 hr 39 min,Documentary,Conscientious Protectors: A Story of Rebellion Against Extinction (2022),,,,tt18951396,998442,0,[99],['Documentary'],tt18951396,[],[],7/25/22,0,96,Conscientious Protectors: A Story of Rebellion Against Extinction,998442,"[2803568, 2540277, 2803562, 3619184, 3619185]","[0, 1, 2, 3, 4]",[3619175],,,
106,106,107,,24 min,History Short,Dinosaur Quiz (2022),,,,tt20256232,1096768,5000,[36],['History'],tt20256232,[23466],['Golden West Films'],4/1/22,0,24,Dinosaur Quiz,1096768,[],[],[1069329],,,
107,107,108,,45 min,Animation,How Does Soap Clean Your Hands? (2022),,,,tt20245854,1096772,0,[16],['Animation'],tt20245854,[47134],['Dreamscape Media'],5/26/22,0,45,How Does Soap Clean Your Hands?,1096772,[3953469],[0],[2354038],,,
108,108,109,,1 hr 3 min,Drama,"Zephyr, deb (2022)",,,,tt18263828,1064015,0,[18],['Drama'],tt18263828,[],[],12/20/22,0,63,"Zephyr, deb",1064015,[3840185],[0],[3461538],,,
109,109,110,"July 15, 2022 (United Kingdom)",1 hr 44 min,Biography Documentary Sport,McEnroe (2022),,,,tt19801212,965737,0,[99],['Documentary'],tt19801212,"[8191, 66479]","['Dogwoof', 'Showtime Documentary Films']",7/15/22,0,104,McEnroe,965737,"[215157, 1242746, 1382202, 1184882, 1430, 1148032, 1023520, 65803, 558240, 3646050, 7470, 65605, 1228056, 1565476, 1231873, 182195, 3713059, 3713087, 3713088, 3713090, 3713091, 3713092, 1215307, 3713093, 2181567]","[0, 1, 2, 3, 4, 5, 6, 7, 8, 9, 10, 11, 12, 13, 14, 15, 16, 17, 18, 19, 20, 21, 22, 23, 24]",[1534684],49902.0,49902.0,
110,110,111,,2 hr,Documentary Reality-TV,Radford Returns (2022),,,,tt17158150,932971,0,[99],['Documentary'],tt17158150,[10246],['Cross Creek Pictures'],1/22/22,0,130,Radford Returns,932971,"[216290, 1382772, 3406021, 3406022]","[0, 1, 2, 3]","[3406023, 3406024, 3406025]",,,
111,111,112,,14 min,Comedy Short,Ravioli Night (2022),,,,tt24017620,1129579,0,"[18, 35]","['Drama', 'Comedy']",tt24017620,[],[],8/28/22,0,14,Ravioli Night,1129579,"[3147870, 4073023, 4073024, 947436, 2756022]","[0, 1, 2, 3, 4]",[2932055],,,
112,112,113,,1 hr 32 min,Comedy,Sharp Stick (2022),,,R,tt14158346,801913,0,[35],['Comedy'],tt14158346,"[7493, 149204]","['FilmNation Entertainment', 'Good Thing Going Productions']",7/29/22,0,96,Sharp Stick,801913,"[1633001, 19498, 10431, 1335818, 100, 2275493, 139135, 21042, 3181206, 1176379, 1389617, 1789769, 224723, 1921408, 2487072, 1754814, 104458, 1227480]","[0, 1, 2, 3, 4, 5, 6, 7, 8, 9, 10, 11, 12, 13, 14, 15, 16, 17]",[139135],,,
113,113,114,"August 26, 2022 (Domestic)",1 hr 43 min,Crime Drama Thriller,Breaking (2022),Bleecker Street Media,985921.0,PG-13,tt12311620,801965,0,"[80, 18, 53]","['Crime', 'Drama', 'Thriller']",tt12311620,"[150239, 126587, 173035, 104742]","['Salmira Productions', 'Little Lamb Productions', 'Epic', 'UpperRoom Productions']",8/25/22,0,103,Breaking,801965,"[236695, 39390, 87243, 86310, 162503, 52886, 1688100, 3632393, 1311361, 12800, 20879, 1449141, 21215, 996826, 102777, 946637, 2537213, 1423837, 2993223, 938029, 1425229, 2090763, 1195454, 1904419, 2704068, 2157888, 1604439, 1479883, 2556821, 1616016, 3632398, 2115408, 3632399, 1467896, 3100215, 2813317, 2089925, 2666755, 3410786, 3632402, 1593378, 3632403]","[0, 1, 2, 3, 4, 5, 6, 7, 8, 9, 10, 11, 12, 13, 14, 15, 16, 17, 18, 19, 20, 21, 22, 23, 24, 25, 26, 27, 28, 29, 30, 31, 32, 33, 34, 35, 36, 37, 38, 39, 40, 41]",[1663682],2806359.0,2806359.0,
114,114,115,,20 min,Fantasy Horror Short Thriller,Rêver (2022),,,,tt27048335,1096881,0,"[53, 27, 14, 9648]","['Thriller', 'Horror', 'Fantasy', 'Mystery']",tt27048335,[195261],['VISION NOW & MIDNIGHT SUN DESIGNS'],1/1/22,0,20,Rêver,1096881,"[3117534, 1769822]","[0, 1]",[3953772],,,
115,115,116,,2 hr 12 min,Drama,The Adventures of Ben Keller and Christoph Schultz (2023),,,,tt20895650,998578,0,[18],['Drama'],tt20895650,[178652],['Three Headed Monster Media'],1/10/22,0,133,The Adventures of Ben Keller and Christoph Schultz,998578,"[3619613, 3620463, 1544345, 3620466, 3620857, 3620859, 3620860]","[0, 1, 2, 3, 4, 5, 6]",[3619614],,,
116,116,117,"June 17, 2022 (Domestic)",1 hr 36 min,Romance,First Love (2022),Vertical Entertainment,,,tt14726510,834742,0,"[10749, 18]","['Romance', 'Drama']",tt14726510,"[68421, 6626]","['Fortitude International', 'Voltage Pictures']",6/17/22,0,95,First Love,834742,"[1114487, 1001946, 9824, 52886, 1199886, 2198944, 997262, 3613516, 15566, 3613517, 1875336, 6200, 90610, 2588012, 2618942, 2982884, 2096276, 3613518, 3613519, 118476, 1196132, 2581212, 208833, 3613520, 3177260, 2325402, 2403951]","[0, 1, 2, 3, 4, 5, 6, 7, 8, 9, 10, 11, 12, 13, 14, 15, 16, 17, 18, 19, 20, 21, 22, 23, 24, 25, 26]",[1164588],,,
117,117,118,,30 min,Drama Short,Up & Over (2022),,,,tt19784390,965821,3500,[18],['Drama'],tt19784390,"[173925, 173926]","['Drop Shadow Pictures', 'KinoEiga']",4/30/22,0,30,Up & Over,965821,"[3517189, 3517190, 3517191, 3517192, 3517193, 1046377]","[0, 1, 2, 3, 4, 5]",[3517190],,,
118,118,119,,17 min,Short Sport,The Ridge: An Epic Fishing Saga (2022),,,,tt27048487,1096900,0,[99],['Documentary'],tt27048487,[195266],['Gravitas'],1/1/22,0,17,The Ridge: An Epic Fishing Saga,1096900,[3160413],[0],[3160413],,,
119,119,120,"June 1, 2022 (South Korea)",2 hr 27 min,Action Adventure Sci-Fi Thriller,Jurassic World Dominion (2022),Universal Pictures,145075625.0,PG-13,tt8041270,507086,165000000,"[12, 28, 878]","['Adventure', 'Action', 'Science Fiction']",tt8041270,"[56, 33]","['Amblin Entertainment', 'Universal Pictures']",6/1/22,1001978080,147,Jurassic World Dominion,507086,"[73457, 18997, 4784, 4783, 4785, 206425, 1639848, 2058708, 55152, 14592, 78423, 1029934, 1257819, 87954, 94797, 159386, 2817558, 1791508, 1488081, 2315555, 1490863, 3144901, 3144896, 3144892, 3579484, 1071127, 2141561, 71073, 129984, 1367234, 2059200, 2458098, 3126155, 1808625, 950125, 1566387, 3579485, 1516315, 1132566, 11354, 3579487, 12575, 3579489, 2247364, 3144894, 3041319]","[0, 1, 2, 3, 4, 5, 6, 7, 8, 9, 10, 11, 12, 13, 14, 15, 16, 17, 18, 19, 20, 21, 22, 23, 24, 25, 26, 27, 28, 29, 30, 31, 32, 33, 34, 35, 36, 37, 38, 39, 40, 41, 42, 43, 44, 45]",[930707],376851080.0,625127000.0,1001978080.0
120,120,121,"October 7, 2022 (United Kingdom)",1 hr 27 min,Documentary,Vicky (2022),,,,tt21813906,1031392,0,[99],['Documentary'],tt21813906,"[183641, 1898]","['Princess Pictures', 'Fís Éireann/Screen Ireland']",10/7/22,0,87,Vicky,1031392,[3728374],[0],[1513532],11103.0,11103.0,
121,121,122,,1 hr,,Faces of Dying V (2022),,,,tt19878836,1031393,0,[27],['Horror'],tt19878836,[],[],7/31/22,0,45,Faces of Dying V,1031393,"[3691129, 3628508]","[0, 1]","[1267956, 1731677, 3073025, 3628508, 3690972, 3725742, 3725745]",,,
122,122,123,,,Mystery,Batman: Stained Heir (2022),,,,tt26349369,1162503,600,"[9648, 80, 28]","['Mystery', 'Crime', 'Action']",tt26349369,[],[],8/5/22,69000000,126,Batman: Stained Heir,1162503,"[4204989, 4204988, 4204990, 4204991, 4204992, 229686, 4204993, 4204994, 4204995, 4204996, 4204997, 4204998, 4204999, 4205000]","[0, 1, 2, 3, 4, 5, 6, 7, 8, 9, 10, 11, 12, 13]",[4205005],,,
123,123,124,,24 min,Biography Music Short,Few Good Things (2022),,,,tt22528160,933163,0,[10402],['Music'],tt22528160,"[1784, 199073, 199074, 183323]","['Partizan', 'Pivot Gang', 'Soundcloud', 'Pogi Studios']",2/9/22,0,24,Few Good Things,933163,"[3406703, 112343, 4038979, 4038980, 4038981, 4038982, 3170653, 4038984, 4038985, 4038986, 4038987, 4038988, 4038989, 4038990, 4038991, 4038993]","[0, 1, 2, 3, 4, 5, 6, 7, 8, 9, 10, 11, 12, 13, 14, 15]",[3406606],,,
124,124,125,,1 hr,Horror,Don't Trick-Or-Treat Alone! (2022),,,,tt21187572,1031488,0,[27],['Horror'],tt21187572,[131735],['SCS Entertainment'],10/1/22,0,60,Don't Trick-Or-Treat Alone!,1031488,"[97621, 3419831, 98918, 2195588, 3726067, 2670378, 3726070, 3691117, 3690972]","[0, 1, 2, 3, 4, 5, 6, 7, 8]",[1267956],,,
125,125,126,,39 min,Drama Short,Caught in the Middle 2 (2022),,,,tt20835710,1097085,0,[18],['Drama'],tt20835710,[195283],['Lock Boy Cinema'],6/3/22,0,39,Caught In The Middle 2,1097085,"[3954185, 3954186, 3954187, 3352516]","[0, 1, 2, 3]",[2803482],,,
126,126,127,,53 min,Sport,World Class Bass Lakes of Southern California (2022),,,,tt27050706,1097108,0,[99],['Documentary'],tt27050706,[195266],['Gravitas'],1/1/22,0,53,World Class Bass Lakes of Southern California,1097108,[3160413],[0],[3160413],,,
127,127,128,,1 hr 28 min,Documentary,6655 Mount Vernon Road (2022),,,,tt27050840,1097127,0,"[99, 10752]","['Documentary', 'War']",tt27050840,[],[],1/1/22,0,88,6655 Mount Vernon Road,1097127,"[3362703, 3954235, 3954236]","[0, 1, 2]",[1709900],,,
128,128,129,,6 min,Comedy Short,Down for Dee (2022),,,,tt21198542,1162674,10000,[35],['Comedy'],tt21198542,[205846],['MindWarp Films'],6/12/22,0,6,Down for Dee,1162674,"[4205711, 1457107, 4205713, 3725528, 4174998]","[0, 1, 2, 3, 4]",[4205715],,,
129,129,130,,1 hr 20 min,Crime,Confessionem (2022),,,,tt18309974,1129911,0,[],[],tt18309974,[],[],3/3/22,0,0,Confessionem,1129911,[],[],[],,,
130,130,131,,1 hr 5 min,Documentary,The Fear of Speed by Elias Schwärzler (2022),,,,tt27051121,1097168,0,[99],['Documentary'],tt27051121,[195298],['Elias Schwärzler'],1/1/22,0,65,The Fear of Speed by Elias Schwärzler,1097168,"[3954288, 3954291, 1555485, 3954293, 3954294, 3954295, 3954296, 3954297, 3954298, 3954299, 3954300, 3954301, 3954302, 3954303, 3954304, 3954305]","[0, 1, 2, 3, 4, 5, 6, 7, 8, 9, 10, 11, 12, 13, 14, 15]",[3954294],,,
131,131,132,,40 min,Family Music Short,Learning Songs for Toddlers: Bounce Patrol (2022),,,,tt27051122,1097173,0,"[10751, 10402]","['Family', 'Music']",tt27051122,[194869],['Bounce Patrol Pty. Ltd.'],1/1/22,0,40,Learning Songs for Toddlers: Bounce Patrol,1097173,"[3954314, 3954315, 3954317]","[0, 1, 2]",[3947555],,,
132,132,133,,1 hr 36 min,Drama,"I Do, I Don't (2022)",,,,tt20426938,1097211,0,[18],['Drama'],tt20426938,[141429],['My Production Limited'],5/19/22,0,96,"I Do, I Don't",1097211,"[3954393, 3954394, 3954395]","[0, 1, 2]","[1796675, 2905425]",,,
133,133,134,,4 min,Animation Short,Ask a Cat #3 (2022),,,,tt16976824,933374,0,[16],['Animation'],tt16976824,[],[],1/8/22,0,4,Ask a Cat #3,933374,[3407167],[0],[3330896],,,
134,134,135,,41 min,Documentary Short,The Allure of Antigua: Gem of the Caribbean (2022),,,,tt27051662,1097218,0,[99],['Documentary'],tt27051662,[],[],1/1/22,0,41,The Allure of Antigua: Gem of the Caribbean,1097218,[],[],[3923706],,,
135,135,136,,3 hr 30 min,Comedy,Underground Comics (2022),,,,tt27051765,1097221,0,[35],['Comedy'],tt27051765,[116089],['Clyde Vision Films'],1/1/22,0,210,Underground Comics,1097221,"[3954407, 3954408, 3954409]","[0, 1, 2]",[3954411],,,
136,136,137,,1 hr 29 min,Drama,Through it All (2022),,,,tt27051847,1097235,0,[18],['Drama'],tt27051847,[195309],['APEX Videotech'],1/1/22,0,89,Through it All,1097235,"[3954449, 3954450]","[0, 1]",[3954449],,,
137,137,138,,24 min,Drama Short,Unknown Disease (2022),,,,tt22048536,1097243,10000,[18],['Drama'],tt22048536,[195310],['Bosun Amao Productions'],1/1/22,0,23,Unknown Disease,1097243,[3954477],[0],[3954479],,,
138,138,139,,16 min,Documentary Short,A-Train (2022),,,,tt20958656,1097250,0,[99],['Documentary'],tt20958656,[87518],['Poche Pictures'],5/24/22,0,20,A-Train,1097250,"[3954485, 3500554]","[0, 1]",[1200107],,,
139,139,140,,1 hr 35 min,Drama,Edward and Isabella (2022),,,,tt17072974,998947,0,[18],['Drama'],tt17072974,[],[],8/11/22,0,92,Edward and Isabella,998947,"[3620801, 1445943]","[0, 1]",[3620802],4288.0,4288.0,
140,140,141,,34 min,Comedy Short,Joshua the Ventriloquist: Fleecing the Family (2022),,,,tt27827708,1130024,10000,[35],['Comedy'],tt27827708,[200625],['M Struck Media'],1/1/22,0,34,Joshua the Ventriloquist: Fleecing the Family,1130024,[4074836],[0],[4074839],,,
141,141,142,,11 min,Documentary Drama Short,Where Is the Friend's Home? (2023),,,,tt19580884,966219,0,[],[],tt19580884,[],[],10/30/22,0,11,Where Is the Friend's Home?,966219,[],[],[557856],,,
142,142,143,,40 min,Crime Short,Implosion (2022),,,,tt24999342,1097296,5000,"[80, 28, 12, 18]","['Crime', 'Action', 'Adventure', 'Drama']",tt24999342,[195318],['Runstruck Motion Pictures'],12/21/22,0,40,Implosion,1097296,"[2548660, 3954558, 3954559]","[0, 1, 2]",[2548660],,,
143,143,144,,57 min,Documentary,Miracle Matthew (2022),,,,tt20953222,1097300,0,[99],['Documentary'],tt20953222,[87518],['Poche Pictures'],5/17/22,0,57,Miracle Matthew,1097300,"[1509065, 3954562, 3952144]","[0, 1, 2]",[1200107],,,
144,144,145,,1 hr 34 min,Documentary,Las Abogadas: Attorneys on the Front Lines of the Migrant Crisis (2022),,,,tt28285522,1031765,0,[],[],tt28285522,[],[],10/4/22,0,95,Las Abogadas: Attorneys on the Front Lines of the Migrant Crisis,1031765,[],[],[650890],,,
145,145,146,,30 min,Documentary Short,Mike Quarry (2022),,,,tt20950474,1097307,0,[99],['Documentary'],tt20950474,[87518],['Poche Pictures'],4/30/22,0,30,Mike Quarry,1097307,"[3954570, 3872595, 3230212, 1509065]","[0, 1, 2, 3]",[1200107],,,
146,146,147,,24 min,Documentary Short,The King of Miami Beach (2022),,,,tt20952264,1097308,0,[99],['Documentary'],tt20952264,[87518],['Poche Pictures'],5/3/22,0,24,The King of Miami Beach,1097308,"[3954575, 65605, 2122569]","[0, 1, 2]",[1200107],,,
147,147,148,,1 hr 53 min,Documentary,America Sounds A Red and Blue Amber Alert,,,,tt23831360,1097324,300,[99],['Documentary'],tt23831360,[194167],['Passer Entertainment'],1/1/22,0,151,America Sounds: A Red and Blue Amber Alert,1097324,"[3954596, 3954597, 3954598, 117454]","[0, 1, 2, 3]",[3934960],,,
148,148,149,,28 min,Documentary Short,The Raging Bull (2022),,,,tt20954864,1097326,0,[99],['Documentary'],tt20954864,[87518],['Poche Pictures'],5/29/22,0,28,The Raging Bull,1097326,"[1864067, 552081]","[0, 1]",[1200107],,,
149,149,150,,1 hr 42 min,Documentary,The Elephants and the Grass (2022),,,,tt10239332,1031797,0,[],[],tt10239332,[],[],10/1/22,0,109,The Elephants and the Grass,1031797,[],[],"[2744211, 3727041]",,,
150,150,151,,21 min,Animation Short,Heartland of America Reagan's Room (2022),,,,tt27052732,1097346,0,[16],['Animation'],tt27052732,[194108],['Family Roberto Productions'],1/1/22,0,21,Heartland of America Reagan's Room,1097346,"[2830150, 3954242, 3490153, 3954632]","[0, 1, 2, 3]",[3934165],,,
151,151,152,,1 hr 15 min,Documentary,State of Control (2022),,,,tt27411798,1130117,0,[99],['Documentary'],tt27411798,[],[],11/22/22,0,75,State of Control,1130117,"[2867433, 57975, 4075226]","[0, 1, 2]",[4075227],,,
152,152,153,,31 min,Drama Short,Choices: The Movie (2022),,,,tt27052827,1097368,0,[18],['Drama'],tt27052827,[195327],['Peachville Prouduction'],1/1/22,0,31,Choices: The Movie,1097368,"[3954666, 3954667, 3577214, 3954668]","[0, 1, 2, 3]",[3954669],,,
153,153,154,,,Horror,Shifted (2022),,,,tt14966920,1031833,75000,[27],['Horror'],tt14966920,[183577],['Fable Forest Films'],8/21/22,0,89,Shifted,1031833,"[3727252, 3727253, 3727254, 3727267, 3727268, 3727269, 3029859, 3735354, 3735359, 3727244, 3727245]","[0, 1, 2, 3, 4, 5, 6, 7, 8, 9, 10]",[3727244],,,
154,154,155,"May 20, 2022 (Domestic)",1 hr 29 min,Documentary,2000 Mules (2022),D'Souza Media,751755.0,,tt18924506,933554,0,[99],['Documentary'],tt18924506,"[107196, 177482]","[""D'Souza Media"", 'Salem Media Group']",5/20/22,1465513,89,2000 Mules,933554,"[219861, 3528225, 89450, 1428427, 2161106, 551727, 2756880, 3552669, 3552672, 3534266, 2271218, 2294746, 1508927, 1224993, 2235154, 2021453, 1395060, 2352236, 1231765, 33663, 1219276, 1188953]","[0, 1, 2, 3, 4, 5, 6, 7, 8, 9, 10, 11, 12, 13, 14, 15, 16, 17, 18, 19, 20, 21]","[219861, 1744296, 2756880]",1465513.0,1465513.0,
155,155,156,,,Drama Horror Thriller,Scuttlers,,,,tt8059694,507582,0,"[27, 18, 53]","['Horror', 'Drama', 'Thriller']",tt8059694,[58956],['Apres Vague Productions'],2/1/22,0,0,Scuttlers,507582,[],[],[1455963],,,
156,156,157,,5 min,Horror Short,The Wrong Parking Lot (2022),,,,tt22863068,1097411,0,[],[],tt22863068,[],[],3/8/22,0,5,The Wrong Parking Lot,1097411,"[2867881, 2867887]","[0, 1]",[2867881],,,
157,157,158,,20 min,Fantasy Short,Jatana (2020),,,,tt11692182,1097415,0,[],[],tt11692182,[],[],10/3/22,0,20,Jatana,1097415,"[2867881, 2867889, 2867887, 3954773]","[0, 1, 2, 3]",[2867881],,,
158,158,159,,,Drama Short,Zora,,,,tt22482542,1031890,20000,[18],['Drama'],tt22482542,[],[],12/31/22,0,0,Zora,1031890,"[3727348, 3727350, 3727351, 3727353, 3727354]","[0, 1, 2, 3, 4]",[3727355],,,
159,159,160,,1 hr 27 min,Drama Horror Mystery Thriller,The Demon's Child (2022),,,,tt14242974,966364,0,[27],['Horror'],tt14242974,[69347],['ITN Distribution'],4/6/22,0,87,The Demon's Child,966364,"[1435168, 3255623, 1861652, 1861649, 3255626]","[0, 1, 2, 3, 4]",[1584550],,,
160,160,161,,27 min,Horror Short,Lit A$$ B!tche$ (2022),,,,tt21041530,1097438,0,[],[],tt21041530,[],[],10/25/22,0,27,Lit A$$ Bitches,1097438,"[3954852, 2867881, 2867887, 2867889, 2981037]","[0, 1, 2, 3, 4]",[2867881],,,
161,161,162,,1 hr 32 min,Documentary,Fire Front (2022),,,,tt18259454,999143,0,[99],['Documentary'],tt18259454,[71767],['Carver Films'],11/3/22,0,92,Fire Front,999143,[],[],[1374174],64.0,64.0,
162,162,163,,1 hr 22 min,Horror,Final Summer (2023),,,,tt12699576,999677,0,[27],['Horror'],tt12699576,[178748],['Swede Films'],10/1/22,0,82,Final Summer,999677,"[64198, 1776160, 1170892, 3623496, 3453076, 1323983, 1666889, 4256410, 4256411, 3713182, 3623498, 3623495, 3297356]","[0, 1, 2, 3, 4, 5, 6, 7, 8, 9, 10, 11, 12]",[3271833],,,
163,163,164,,59 min,Comedy,Gilly and Keeves: The Special (2022),,,,tt22376154,1031960,0,"[35, 99]","['Comedy', 'Documentary']",tt22376154,[],[],10/4/22,0,59,Gilly and Keeves: The Special,1031960,"[3231008, 3231009, 3730008, 3277758, 1882502]","[0, 1, 2, 3, 4]",[3231009],,,
164,164,165,"August 4, 2022 (Croatia)",1 hr 34 min,Thriller,Stowaway (2021),,,R,tt8889818,999205,0,[53],['Thriller'],tt8889818,"[6626, 168295, 172495, 207211, 184616, 168294, 207212]","['Voltage Pictures', 'Studio507', 'Identical Pictures', 'Black Box Management', 'New Legend Entertainment', 'Volition Media Partners', 'Bakrr MGMT']",8/31/22,30556,94,Stowaway,999205,"[1246972, 1053422, 81685, 2447500, 2729541, 37149, 2462138, 35619, 3864824, 2874037, 4238376, 4238378, 52115, 4238380, 4238381]","[0, 1, 2, 3, 4, 5, 6, 7, 8, 9, 10, 11, 12, 13, 14]",[1462081],30556.0,30556.0,
